"movie_name","movie_url","score","evalue_users","year","other"
"肖申克的救赎 (豆瓣)","http://link.zhihu.com/?target=https%3A//movie.douban.com/subject/1292052/",9.6,723709,1994," 美国 / 犯罪 / 剧情"
"霸王别姬 (豆瓣)","http://link.zhihu.com/?target=https%3A//movie.douban.com/subject/1291546/",9.5,506132,1993," 中国大陆 / 香港 / 剧情 / 爱情 / 同性"
"美丽人生 (豆瓣)","http://link.zhihu.com/?target=https%3A//movie.douban.com/subject/1292063/",9.5,346179,1997," 意大利 / 剧情 / 喜剧 / 爱情"
"这个杀手不太冷 (豆瓣)","http://link.zhihu.com/?target=https%3A//movie.douban.com/subject/1295644/",9.4,695350,1994," 法国 / 剧情 / 动作 / 犯罪"
"阿甘正传 (豆瓣)","http://link.zhihu.com/?target=https%3A//movie.douban.com/subject/1292720/",9.4,606133,1994," 美国 / 剧情 / 爱情"
"辛德勒的名单 (豆瓣)","http://link.zhihu.com/?target=https%3A//movie.douban.com/subject/1295124/",9.4,321285,1993," 美国 / 剧情 / 历史 / 战争"
"泰坦尼克号 3D版 (豆瓣)","http://link.zhihu.com/?target=https%3A//movie.douban.com/subject/5450891/",9.4,159182,2012," 美国 / 剧情 / 爱情 / 灾难"
"机器人总动员 (豆瓣)","http://link.zhihu.com/?target=https%3A//movie.douban.com/subject/2131459/",9.3,438794,2008," 美国 / 喜剧 / 爱情 / 科幻 / 动画 / 冒险"
"十二怒汉 (豆瓣)","http://link.zhihu.com/?target=https%3A//movie.douban.com/subject/1293182/",9.3,143441,1957," 美国 / 剧情"
"盗梦空间 (豆瓣)","http://link.zhihu.com/?target=https%3A//movie.douban.com/subject/3541415/",9.2,667332,2010," 美国 / 英国 / 剧情 / 动作 / 科幻 / 悬疑 / 冒险"
"千与千寻 (豆瓣)","http://link.zhihu.com/?target=https%3A//movie.douban.com/subject/1291561/",9.2,554319,2001," 日本 / 剧情 / 动画 / 奇幻"
"海上钢琴师 (豆瓣)","http://link.zhihu.com/?target=https%3A//movie.douban.com/subject/1292001/",9.2,521062,1998," 意大利 / 剧情 / 音乐"
"放牛班的春天 (豆瓣)","http://link.zhihu.com/?target=https%3A//movie.douban.com/subject/1291549/",9.2,386740,2004," 法国 / 瑞士 / 德国 / 剧情 / 音乐"
"疯狂动物城 (豆瓣)","http://link.zhihu.com/?target=https%3A//movie.douban.com/subject/25662329/",9.2,385535,2016," 美国 / 喜剧 / 动作 / 动画 / 冒险"
"忠犬八公的故事 (豆瓣)","http://link.zhihu.com/?target=https%3A//movie.douban.com/subject/3011091/",9.2,370914,2009," 美国 / 英国 / 剧情"
"教父 (豆瓣)","http://link.zhihu.com/?target=https%3A//movie.douban.com/subject/1291841/",9.2,295333,1972," 美国 / 剧情 / 犯罪"
"乱世佳人 (豆瓣)","http://link.zhihu.com/?target=https%3A//movie.douban.com/subject/1300267/",9.2,234915,1939," 美国 / 剧情 / 爱情 / 战争"
"大闹天宫 (豆瓣)","http://link.zhihu.com/?target=https%3A//movie.douban.com/subject/1418019/",9.2,79087,1961," 中国大陆 / 动画 / 奇幻"
"三傻大闹宝莱坞 (豆瓣)","http://link.zhihu.com/?target=https%3A//movie.douban.com/subject/3793023/",9.1,572794,2011," 印度 / 剧情 / 喜剧 / 爱情 / 歌舞"
"泰坦尼克号 (豆瓣)","http://link.zhihu.com/?target=https%3A//movie.douban.com/subject/1292722/",9.1,557264,1998," 美国 / 剧情 / 爱情 / 灾难"
"星际穿越 (豆瓣)","http://link.zhihu.com/?target=https%3A//movie.douban.com/subject/1889243/",9.1,405559,2014," 美国 / 英国 / 加拿大 / 剧情 / 科幻 / 悬疑 / 冒险 / 家庭"
"大话西游之大圣娶亲 (豆瓣)","http://link.zhihu.com/?target=https%3A//movie.douban.com/subject/1292213/",9.1,384080,2014," 香港 / 中国大陆 / 动作 / 冒险 / 喜剧 / 奇幻 / 爱情"
"龙猫 (豆瓣)","http://link.zhihu.com/?target=https%3A//movie.douban.com/subject/1291560/",9.1,360213,1988," 日本 / 动画 / 奇幻"
"触不可及 (豆瓣)","http://link.zhihu.com/?target=https%3A//movie.douban.com/subject/6786002/",9.1,310859,2011," 法国 / 剧情 / 喜剧"
"天堂电影院 (豆瓣)","http://link.zhihu.com/?target=https%3A//movie.douban.com/subject/1291828/",9.1,270726,1988," 意大利 / 法国 / 剧情 / 爱情"
"指环王3：王者无敌 (豆瓣)","http://link.zhihu.com/?target=https%3A//movie.douban.com/subject/1291552/",9.1,250167,2004," 美国 / 新西兰 / 剧情 / 动作 / 奇幻 / 冒险"
"鬼子来了 (豆瓣)","http://link.zhihu.com/?target=https%3A//movie.douban.com/subject/1291858/",9.1,189730,2000," 中国大陆 / 剧情 / 战争"
"窃听风暴 (豆瓣)","http://link.zhihu.com/?target=https%3A//movie.douban.com/subject/1900841/",9.1,186568,2006," 德国 / 剧情 / 悬疑"
"熔炉（豆瓣）","http://link.zhihu.com/?target=https%3A//movie.douban.com/subject/5912992/",9.1,182193,2011," 韩国 / 剧情"
"教父2 (豆瓣)","http://link.zhihu.com/?target=https%3A//movie.douban.com/subject/1299131/",9.1,159555,1974," 美国 / 剧情 / 犯罪"
"辩护人 (豆瓣)","http://link.zhihu.com/?target=https%3A//movie.douban.com/subject/21937445/",9.1,150772,2013," 韩国 / 剧情"
"美国往事 (豆瓣)","http://link.zhihu.com/?target=https%3A//movie.douban.com/subject/1292262/",9.1,148972,1984," 意大利 / 美国 / 犯罪 / 剧情"
"小鞋子 (豆瓣)","http://link.zhihu.com/?target=https%3A//movie.douban.com/subject/1303021/",9.1,113043,1999," 伊朗 / 剧情 / 家庭 / 儿童"
"摩登时代 (豆瓣)","http://link.zhihu.com/?target=https%3A//movie.douban.com/subject/1294371/",9.1,68942,1936," 美国 / 喜剧 / 剧情 / 爱情"
"七武士 (豆瓣)","http://link.zhihu.com/?target=https%3A//movie.douban.com/subject/1295399/",9.1,62167,1954," 日本 / 动作 / 冒险 / 剧情"
"少年派的奇幻漂流 (豆瓣)","http://link.zhihu.com/?target=https%3A//movie.douban.com/subject/1929463/",9,509344,2012," 美国 / 台湾 / 英国 / 加拿大 / 剧情 / 奇幻 / 冒险"
"楚门的世界 (豆瓣)","http://link.zhihu.com/?target=https%3A//movie.douban.com/subject/1292064/",9,373181,1998," 美国 / 剧情"
"搏击俱乐部（豆瓣）","http://link.zhihu.com/?target=https%3A//movie.douban.com/subject/1292000/",9,365419,1999," 美国 / 德国 / 剧情 / 动作 / 悬疑 / 惊悚"
"天空之城 (豆瓣)","http://link.zhihu.com/?target=https%3A//movie.douban.com/subject/1291583/",9,283731,1986," 日本 / 动画 / 奇幻 / 冒险"
"蝙蝠侠：黑暗骑士 (豆瓣)","http://link.zhihu.com/?target=https%3A//movie.douban.com/subject/1851857/",9,269322,2008," 美国 / 英国 / 剧情 / 动作 / 科幻 / 犯罪 / 惊悚"
"飞越疯人院 (豆瓣)","http://link.zhihu.com/?target=https%3A//movie.douban.com/subject/1292224/",9,242165,1975," 美国 / 剧情"
"两杆大烟枪 (豆瓣)","http://link.zhihu.com/?target=https%3A//movie.douban.com/subject/1293350/",9,240750,1998," 英国 / 剧情 / 喜剧 / 犯罪"
"活着 (豆瓣)","http://link.zhihu.com/?target=https%3A//movie.douban.com/subject/1292365/",9,215537,1994," 中国大陆 / 香港 / 剧情 / 家庭"
"钢琴家 (豆瓣)","http://link.zhihu.com/?target=https%3A//movie.douban.com/subject/1296736/",9,174765,2002," 法国 / 德国 / 英国 / 波兰 / 剧情 / 传记 / 历史 / 战争"
"素媛 (豆瓣)","http://link.zhihu.com/?target=https%3A//movie.douban.com/subject/21937452/",9,128763,2013," 韩国 / 剧情 / 家庭"
"狩猎 (豆瓣)","http://link.zhihu.com/?target=https%3A//movie.douban.com/subject/6985810/",9,92126,2012," 丹麦 / 瑞典 / 比利时 / 剧情"
"完美的世界 (豆瓣)","http://link.zhihu.com/?target=https%3A//movie.douban.com/subject/1300992/",9,65258,1993," 美国 / 剧情 / 犯罪"
"追随 (豆瓣)","http://link.zhihu.com/?target=https%3A//movie.douban.com/subject/1397546/",9,63431,1998," 英国 / 犯罪 / 悬疑 / 惊悚"
"当幸福来敲门 (豆瓣)","http://link.zhihu.com/?target=https%3A//movie.douban.com/subject/1849031/",8.9,467700,2008," 美国 / 剧情 / 传记 / 家庭"
"怦然心动 (豆瓣)","http://link.zhihu.com/?target=https%3A//movie.douban.com/subject/3319755/",8.9,453374,2010," 美国 / 剧情 / 喜剧 / 爱情"
"飞屋环游记 (豆瓣)","http://link.zhihu.com/?target=https%3A//movie.douban.com/subject/2129039/",8.9,440672,2009," 美国 / 剧情 / 喜剧 / 动画 / 奇幻 / 冒险"
"罗马假日 (豆瓣)","http://link.zhihu.com/?target=https%3A//movie.douban.com/subject/1293839/",8.9,334441,1953," 美国 / 喜剧 / 剧情 / 爱情"
"无间道 (豆瓣)","http://link.zhihu.com/?target=https%3A//movie.douban.com/subject/1307914/",8.9,333937,2003," 香港 / 犯罪 / 悬疑 / 惊悚"
"大话西游之月光宝盒 (豆瓣)","http://link.zhihu.com/?target=https%3A//movie.douban.com/subject/1299398/",8.9,333380,2014," 香港 / 中国大陆 / 喜剧 / 动作 / 爱情 / 奇幻 / 冒险 / 古装"
"闻香识女人 (豆瓣)","http://link.zhihu.com/?target=https%3A//movie.douban.com/subject/1298624/",8.9,274548,1992," 美国 / 剧情"
"美丽心灵 (豆瓣)","http://link.zhihu.com/?target=https%3A//movie.douban.com/subject/1306029/",8.9,265269,2001," 美国 / 传记 / 剧情"
"指环王1：魔戒再现 (豆瓣)","http://link.zhihu.com/?target=https%3A//movie.douban.com/subject/1291571/",8.9,265260,2002," 新西兰 / 美国 / 剧情 / 动作 / 奇幻 / 冒险"
"指环王2：双塔奇兵 (豆瓣)","http://link.zhihu.com/?target=https%3A//movie.douban.com/subject/1291572/",8.9,237955,2003," 美国 / 新西兰 / 剧情 / 动作 / 奇幻 / 冒险"
"死亡诗社 (豆瓣)","http://link.zhihu.com/?target=https%3A//movie.douban.com/subject/1291548/",8.9,233296,1989," 美国 / 剧情"
"被嫌弃的松子的一生 (豆瓣)","http://link.zhihu.com/?target=https%3A//movie.douban.com/subject/1787291/",8.9,221701,2006," 日本 / 剧情 / 歌舞"
"玛丽和马克思 (豆瓣)","http://link.zhihu.com/?target=https%3A//movie.douban.com/subject/3072124/",8.9,211185,2009," 澳大利亚 / 剧情 / 爱情 / 动画"
"音乐之声 (豆瓣)","http://link.zhihu.com/?target=https%3A//movie.douban.com/subject/1294408/",8.9,201630,1965," 美国 / 剧情 / 爱情 / 歌舞 / 家庭 / 传记"
"饮食男女 (豆瓣)","http://link.zhihu.com/?target=https%3A//movie.douban.com/subject/1291818/",8.9,146872,1994," 台湾 / 美国 / 剧情 / 家庭"
"上帝之城 (豆瓣)","http://link.zhihu.com/?target=https%3A//movie.douban.com/subject/1292208/",8.9,137412,2002," 巴西 / 法国 / 犯罪 / 剧情"
"一一 (豆瓣)","http://link.zhihu.com/?target=https%3A//movie.douban.com/subject/1292434/",8.9,129322,2000," 台湾 / 日本 / 剧情 / 爱情 / 家庭"
"虎口脱险 (豆瓣)","http://link.zhihu.com/?target=https%3A//movie.douban.com/subject/1296909/",8.9,92884,1966," 法国 / 英国 / 喜剧 / 战争"
"小森林 夏秋篇 (豆瓣)","http://link.zhihu.com/?target=https%3A//movie.douban.com/subject/25814705/",8.9,88082,2014," 日本 / 剧情"
"雨中曲 (豆瓣)","http://link.zhihu.com/?target=https%3A//movie.douban.com/subject/1293460/",8.9,77209,1952," 美国 / 喜剧 / 歌舞 / 爱情"
"勇士 (豆瓣)","http://link.zhihu.com/?target=https%3A//movie.douban.com/subject/3217169/",8.9,74853,2011," 美国 / 剧情 / 运动 / 家庭"
"小森林 冬春篇 (豆瓣)","http://link.zhihu.com/?target=https%3A//movie.douban.com/subject/25814707/",8.9,74718,2015," 日本 / 剧情"
"V字仇杀队 (豆瓣)","http://link.zhihu.com/?target=https%3A//movie.douban.com/subject/1309046/",8.8,352296,2005," 美国 / 英国 / 德国 / 剧情 / 动作 / 科幻 / 惊悚"
"疯狂原始人 (豆瓣)","http://link.zhihu.com/?target=https%3A//movie.douban.com/subject/1907966/",8.8,325306,2013," 美国 / 喜剧 / 动画 / 冒险"
"情书 (豆瓣)","http://link.zhihu.com/?target=https%3A//movie.douban.com/subject/1292220/",8.8,314158,1995," 日本 / 剧情 / 爱情"
"哈尔的移动城堡 (豆瓣)","http://link.zhihu.com/?target=https%3A//movie.douban.com/subject/1308807/",8.8,292869,2004," 日本 / 爱情 / 动画 / 奇幻 / 冒险"
"致命魔术 (豆瓣)","http://link.zhihu.com/?target=https%3A//movie.douban.com/subject/1780330/",8.8,292715,2006," 美国 / 英国 / 剧情 / 悬疑 / 惊悚"
"入殓师 (豆瓣)","http://link.zhihu.com/?target=https%3A//movie.douban.com/subject/2149806/",8.8,282888,2008," 日本 / 剧情"
"勇敢的心 (豆瓣)","http://link.zhihu.com/?target=https%3A//movie.douban.com/subject/1294639/",8.8,262188,1995," 美国 / 动作 / 传记 / 剧情 / 历史 / 战争"
"狮子王 (豆瓣)","http://link.zhihu.com/?target=https%3A//movie.douban.com/subject/1301753/",8.8,243394,1995," 美国 / 剧情 / 动画 / 冒险 / 歌舞 / 家庭"
"阳光姐妹淘 (豆瓣)","http://link.zhihu.com/?target=https%3A//movie.douban.com/subject/4917726/",8.8,227133,2011," 韩国 / 剧情 / 喜剧"
"幽灵公主 (豆瓣)","http://link.zhihu.com/?target=https%3A//movie.douban.com/subject/1297359/",8.8,200335,1997," 日本 / 动画 / 冒险 / 奇幻"
"第六感 (豆瓣)","http://link.zhihu.com/?target=https%3A//movie.douban.com/subject/1297630/",8.8,198176,1999," 美国 / 剧情 / 悬疑 / 恐怖"
"拯救大兵瑞恩 (豆瓣)","http://link.zhihu.com/?target=https%3A//movie.douban.com/subject/1292849/",8.8,195597,1998," 美国 / 剧情 / 历史 / 战争"
"玩具总动员3 (豆瓣)","http://link.zhihu.com/?target=https%3A//movie.douban.com/subject/1858711/",8.8,171145,2010," 美国 / 喜剧 / 动画 / 奇幻 / 冒险"
"你看起来好像很好吃 (豆瓣)","http://link.zhihu.com/?target=https%3A//movie.douban.com/subject/4848115/",8.8,151087,2010," 日本 / 剧情 / 动画 / 儿童"
"风之谷 (豆瓣)","http://link.zhihu.com/?target=https%3A//movie.douban.com/subject/1291585/",8.8,150128,1984," 日本 / 科幻 / 动画 / 奇幻 / 冒险"
"侧耳倾听 (豆瓣)","http://link.zhihu.com/?target=https%3A//movie.douban.com/subject/1297052/",8.8,139565,1995," 日本 / 剧情 / 爱情 / 动画 / 音乐"
"燃情岁月 (豆瓣)","http://link.zhihu.com/?target=https%3A//movie.douban.com/subject/1295865/",8.8,133287,1994," 美国 / 剧情 / 爱情 / 西部 / 家庭"
"萤火之森 (豆瓣)","http://link.zhihu.com/?target=https%3A//movie.douban.com/subject/5989818/",8.8,124013,2011," 日本 / 剧情 / 爱情 / 动画 / 奇幻"
"魂断蓝桥 (豆瓣)","http://link.zhihu.com/?target=https%3A//movie.douban.com/subject/1293964/",8.8,113175,1940," 美国 / 剧情 / 战争 / 爱情"
"穿条纹睡衣的男孩 (豆瓣)","http://link.zhihu.com/?target=https%3A//movie.douban.com/subject/3008247/",8.8,107731,2008," 英国 / 美国 / 剧情 / 战争"
"房间 (豆瓣)","http://link.zhihu.com/?target=https%3A//movie.douban.com/subject/25724855/",8.8,104179,2015," 爱尔兰 / 加拿大 / 剧情 / 家庭"
"卢旺达饭店 (豆瓣)","http://link.zhihu.com/?target=https%3A//movie.douban.com/subject/1291822/",8.8,98076,2004," 英国 / 南非 / 意大利 / 美国 / 剧情 / 历史 / 战争"
"红辣椒 (豆瓣)","http://link.zhihu.com/?target=https%3A//movie.douban.com/subject/1865703/",8.8,96837,2006," 日本 / 动画 / 悬疑 / 科幻 / 惊悚"
"聚焦 (豆瓣)","http://link.zhihu.com/?target=https%3A//movie.douban.com/subject/25954475/",8.8,91037,2015," 美国 / 加拿大 / 剧情 / 传记"
"我是山姆 (豆瓣)","http://link.zhihu.com/?target=https%3A//movie.douban.com/subject/1306861/",8.8,85814,2001," 美国 / 剧情 / 家庭"
"海洋之歌 (豆瓣)","http://link.zhihu.com/?target=https%3A//movie.douban.com/subject/11584019/",8.8,71288,2016," 爱尔兰 / 丹麦 / 比利时 / 卢森堡 / 法国 / 剧情 / 动画 / 奇幻"
"极速风流 (豆瓣)","http://link.zhihu.com/?target=https%3A//movie.douban.com/subject/6803494/",8.8,66355,2015," 英国 / 美国 / 德国 / 剧情 / 传记 / 运动"
"惊魂记 (豆瓣)","http://link.zhihu.com/?target=https%3A//movie.douban.com/subject/1293181/",8.8,65514,1960," 美国 / 悬疑 / 恐怖"
"哪吒闹海 (豆瓣)","http://link.zhihu.com/?target=https%3A//movie.douban.com/subject/1307315/",8.8,65440,1979," 中国大陆 / 冒险 / 动画 / 奇幻"
"地球上的星星 (豆瓣)","http://link.zhihu.com/?target=https%3A//movie.douban.com/subject/2363506/",8.8,63946,2007," 印度 / 剧情 / 儿童 / 家庭"
"让子弹飞 (豆瓣)","http://link.zhihu.com/?target=https%3A//movie.douban.com/subject/3742360/",8.7,550746,2010," 中国大陆 / 香港 / 剧情 / 喜剧 / 动作 / 西部"
"天使爱美丽 (豆瓣)","http://link.zhihu.com/?target=https%3A//movie.douban.com/subject/1292215/",8.7,427798,2001," 法国 / 德国 / 喜剧 / 爱情"
"剪刀手爱德华 (豆瓣)","http://link.zhihu.com/?target=https%3A//movie.douban.com/subject/1292370/",8.7,423457,1990," 美国 / 剧情 / 奇幻 / 爱情"
"七宗罪 (豆瓣)","http://link.zhihu.com/?target=https%3A//movie.douban.com/subject/1292223/",8.7,384015,1995," 美国 / 剧情 / 犯罪 / 悬疑 / 惊悚"
"本杰明・巴顿奇事 (豆瓣)","http://link.zhihu.com/?target=https%3A//movie.douban.com/subject/1485260/",8.7,345590,2008," 美国 / 剧情 / 爱情 / 奇幻"
"蝴蝶效应 (豆瓣)","http://link.zhihu.com/?target=https%3A//movie.douban.com/subject/1292343/",8.7,333239,2004," 美国 / 加拿大 / 剧情 / 悬疑 / 科幻 / 惊悚"
"沉默的羔羊 (豆瓣)","http://link.zhihu.com/?target=https%3A//movie.douban.com/subject/1293544/",8.7,300024,1991," 美国 / 剧情 / 犯罪 / 惊悚"
"西西里的美丽传说 (豆瓣)","http://link.zhihu.com/?target=https%3A//movie.douban.com/subject/1292402/",8.7,287745,2000," 意大利 / 美国 / 剧情 / 战争 / 情色"
"消失的爱人 (豆瓣)","http://link.zhihu.com/?target=https%3A//movie.douban.com/subject/21318488/",8.7,284402,2014," 美国 / 剧情 / 犯罪 / 悬疑 / 惊悚"
"低俗小说 (豆瓣)","http://link.zhihu.com/?target=https%3A//movie.douban.com/subject/1291832/",8.7,282093,1994," 美国 / 剧情 / 犯罪"
"布达佩斯大饭店 (豆瓣)","http://link.zhihu.com/?target=https%3A//movie.douban.com/subject/11525673/",8.7,247835,2014," 美国 / 德国 / 英国 / 剧情 / 喜剧"
"驯龙高手 (豆瓣)","http://link.zhihu.com/?target=https%3A//movie.douban.com/subject/2353023/",8.7,245361,2010," 美国 / 喜剧 / 动画 / 奇幻 / 冒险 / 家庭"
"黑客帝国 (豆瓣)","http://link.zhihu.com/?target=https%3A//movie.douban.com/subject/1291843/",8.7,238756,1999," 美国 / 澳大利亚 / 动作 / 科幻"
"射雕英雄传之东成西就 (豆瓣)","http://link.zhihu.com/?target=https%3A//movie.douban.com/subject/1316510/",8.7,233462,1993," 香港 / 喜剧 / 古装"
"阳光灿烂的日子 (豆瓣)","http://link.zhihu.com/?target=https%3A//movie.douban.com/subject/1291875/",8.7,230325,1995," 中国大陆 / 香港 / 剧情"
"心灵捕手 (豆瓣)","http://link.zhihu.com/?target=https%3A//movie.douban.com/subject/1292656/",8.7,225075,1997," 美国 / 剧情"
"大鱼 (豆瓣)","http://link.zhihu.com/?target=https%3A//movie.douban.com/subject/1291545/",8.7,214965,2003," 美国 / 剧情 / 家庭 / 奇幻 / 冒险"
"甜蜜蜜 (豆瓣)","http://link.zhihu.com/?target=https%3A//movie.douban.com/subject/1305164/",8.7,197075,2015," 香港 / 剧情 / 爱情"
"春光乍泄 (豆瓣)","http://link.zhihu.com/?target=https%3A//movie.douban.com/subject/1292679/",8.7,197058,1997," 香港 / 日本 / 韩国 / 剧情 / 爱情 / 同性"
"借东西的小人阿莉埃蒂 (豆瓣)","http://link.zhihu.com/?target=https%3A//movie.douban.com/subject/4202302/",8.7,185591,2010," 日本 / 动画 / 奇幻 / 冒险"
"爱在黎明破晓前 (豆瓣)","http://link.zhihu.com/?target=https%3A//movie.douban.com/subject/1296339/",8.7,182705,1995," 美国 / 奥地利 / 瑞士 / 剧情 / 爱情"
"头脑特工队 (豆瓣)","http://link.zhihu.com/?target=https%3A//movie.douban.com/subject/10533913/",8.7,178949,2015," 美国 / 喜剧 / 动画 / 冒险 / 家庭"
"猫鼠游戏 (豆瓣)","http://link.zhihu.com/?target=https%3A//movie.douban.com/subject/1305487/",8.7,177195,2002," 美国 / 加拿大 / 传记 / 犯罪 / 剧情"
"萤火虫之墓 (豆瓣)","http://link.zhihu.com/?target=https%3A//movie.douban.com/subject/1293318/",8.7,176691,1988," 日本 / 动画 / 剧情 / 战争"
"爱在日落黄昏时 (豆瓣)","http://link.zhihu.com/?target=https%3A//movie.douban.com/subject/1291990/",8.7,170037,2004," 美国 / 剧情 / 爱情"
"无敌破坏王 (豆瓣)","http://link.zhihu.com/?target=https%3A//movie.douban.com/subject/6534248/",8.7,160607,2012," 美国 / 喜剧 / 动画 / 冒险"
"恐怖直播 (豆瓣)","http://link.zhihu.com/?target=https%3A//movie.douban.com/subject/21360417/",8.7,158641,2013," 韩国 / 剧情 / 犯罪 / 悬疑"
"谍影重重3 (豆瓣)","http://link.zhihu.com/?target=https%3A//movie.douban.com/subject/1578507/",8.7,152959,2007," 美国 / 德国 / 动作 / 悬疑 / 冒险"
"菊次郎的夏天 (豆瓣)","http://link.zhihu.com/?target=https%3A//movie.douban.com/subject/1293359/",8.7,147820,1999," 日本 / 剧情 / 喜剧"
"超脱 (豆瓣)","http://link.zhihu.com/?target=https%3A//movie.douban.com/subject/5322596/",8.7,142928,2011," 美国 / 剧情"
"末代皇帝 (豆瓣)","http://link.zhihu.com/?target=https%3A//movie.douban.com/subject/1293172/",8.7,125836,1987," 意大利 / 中国大陆 / 英国 / 法国 / 剧情 / 传记 / 历史"
"英雄本色 (豆瓣)","http://link.zhihu.com/?target=https%3A//movie.douban.com/subject/1297574/",8.7,120247,1986," 香港 / 动作 / 犯罪"
"纵横四海 (豆瓣)","http://link.zhihu.com/?target=https%3A//movie.douban.com/subject/1295409/",8.7,115992,1991," 香港 / 剧情 / 喜剧 / 动作 / 犯罪"
"一次别离 (豆瓣)","http://link.zhihu.com/?target=https%3A//movie.douban.com/subject/5964718/",8.7,110423,2012," 伊朗 / 剧情 / 家庭"
"教父3 (豆瓣)","http://link.zhihu.com/?target=https%3A//movie.douban.com/subject/1294240/",8.7,108201,1990," 美国 / 剧情 / 犯罪"
"喜宴 (豆瓣)","http://link.zhihu.com/?target=https%3A//movie.douban.com/subject/1303037/",8.7,107449,1993," 台湾 / 美国 / 剧情 / 喜剧 / 爱情 / 同性 / 家庭"
"浪潮 (豆瓣)","http://link.zhihu.com/?target=https%3A//movie.douban.com/subject/2297265/",8.7,106458,2008," 德国 / 剧情"
"罗生门 (豆瓣)","http://link.zhihu.com/?target=https%3A//movie.douban.com/subject/1291879/",8.7,99833,1950," 日本 / 犯罪 / 剧情 / 悬疑"
"碧海蓝天 (豆瓣)","http://link.zhihu.com/?target=https%3A//movie.douban.com/subject/1300960/",8.7,98183,1988," 法国 / 美国 / 意大利 / 剧情 / 爱情"
"荒蛮故事 (豆瓣)","http://link.zhihu.com/?target=https%3A//movie.douban.com/subject/24750126/",8.7,92532,2014," 阿根廷 / 西班牙 / 剧情 / 喜剧 / 犯罪"
"爱在午夜降临前 (豆瓣)","http://link.zhihu.com/?target=https%3A//movie.douban.com/subject/10808442/",8.7,91088,2013," 美国 / 剧情 / 爱情"
"梦之安魂曲 (豆瓣)","http://link.zhihu.com/?target=https%3A//movie.douban.com/subject/1292270/",8.7,90808,2000," 美国 / 剧情"
"绿里奇迹 (豆瓣)","http://link.zhihu.com/?target=https%3A//movie.douban.com/subject/1300374/",8.7,88569,1999," 美国 / 犯罪 / 剧情 / 奇幻 / 悬疑"
"赛德克・巴莱 (豆瓣)","http://link.zhihu.com/?target=https%3A//movie.douban.com/subject/3993559/",8.7,86248,2012," 台湾 / 剧情 / 历史 / 战争"
"大卫・戈尔的一生 (豆瓣)","http://link.zhihu.com/?target=https%3A//movie.douban.com/subject/1305725/",8.7,68140,2003," 美国 / 德国 / 英国 / 剧情 / 犯罪 / 悬疑"
"中央车站 (豆瓣)","http://link.zhihu.com/?target=https%3A//movie.douban.com/subject/1292218/",8.7,68045,1998," 巴西 / 法国 / 剧情"
"千钧一发 (豆瓣)","http://link.zhihu.com/?target=https%3A//movie.douban.com/subject/1300117/",8.7,65176,1997," 美国 / 剧情 / 科幻"
"未麻的部屋 (豆瓣)","http://link.zhihu.com/?target=https%3A//movie.douban.com/subject/1395091/",8.7,64995,1998," 日本 / 动画 / 奇幻 / 惊悚"
"阿凡达 (豆瓣)","http://link.zhihu.com/?target=https%3A//movie.douban.com/subject/1652587/",8.6,466188,2010," 美国 / 英国 / 动作 / 冒险 / 奇幻 / 科幻"
"超能陆战队 (豆瓣)","http://link.zhihu.com/?target=https%3A//movie.douban.com/subject/11026735/",8.6,304540,2015," 美国 / 喜剧 / 动作 / 科幻 / 动画 / 冒险"
"禁闭岛 (豆瓣)","http://link.zhihu.com/?target=https%3A//movie.douban.com/subject/2334904/",8.6,303402,2010," 美国 / 剧情 / 悬疑 / 惊悚"
"告白 (豆瓣)","http://link.zhihu.com/?target=https%3A//movie.douban.com/subject/4268598/",8.6,287010,2010," 日本 / 剧情 / 惊悚"
"岁月神偷 (豆瓣)","http://link.zhihu.com/?target=https%3A//movie.douban.com/subject/3792799/",8.6,268012,2010," 香港 / 中国大陆 / 剧情 / 家庭"
"致命ID (豆瓣)","http://link.zhihu.com/?target=https%3A//movie.douban.com/subject/1297192/",8.6,265757,2003," 美国 / 剧情 / 悬疑 / 惊悚"
"重庆森林 (豆瓣)","http://link.zhihu.com/?target=https%3A//movie.douban.com/subject/1291999/",8.6,264987,1994," 香港 / 剧情 / 爱情"
"哈利・波特与死亡圣器(下) (豆瓣)","http://link.zhihu.com/?target=https%3A//movie.douban.com/subject/3011235/",8.6,232117,2011," 美国 / 英国 / 剧情 / 悬疑 / 奇幻 / 冒险"
"怪兽电力公司 (豆瓣)","http://link.zhihu.com/?target=https%3A//movie.douban.com/subject/1291579/",8.6,199059,2001," 美国 / 喜剧 / 动画 / 儿童 / 奇幻"
"幸福终点站 (豆瓣)","http://link.zhihu.com/?target=https%3A//movie.douban.com/subject/1292274/",8.6,198420,2005," 美国 / 喜剧 / 剧情 / 爱情"
"雨人 (豆瓣)","http://link.zhihu.com/?target=https%3A//movie.douban.com/subject/1291870/",8.6,182449,1988," 美国 / 剧情"
"爆裂鼓手 (豆瓣)","http://link.zhihu.com/?target=https%3A//movie.douban.com/subject/25773932/",8.6,179987,2014," 美国 / 剧情 / 音乐"
"电锯惊魂（豆瓣）","http://link.zhihu.com/?target=https%3A//movie.douban.com/subject/1417598/",8.6,172050,2004," 美国 / 澳大利亚 / 犯罪 / 悬疑 / 惊悚"
"杀人回忆（豆瓣）","http://link.zhihu.com/?target=https%3A//movie.douban.com/subject/1300299/",8.6,165044,2003," 韩国 / 犯罪 / 剧情 / 悬疑 / 惊悚"
"人工智能 (豆瓣)","http://link.zhihu.com/?target=https%3A//movie.douban.com/subject/1302827/",8.6,163820,2001," 美国 / 冒险 / 剧情 / 科幻"
"穿越时空的少女 (豆瓣)","http://link.zhihu.com/?target=https%3A//movie.douban.com/subject/1937946/",8.6,156941,2006," 日本 / 剧情 / 爱情 / 科幻 / 动画"
"撞车 (豆瓣)","http://link.zhihu.com/?target=https%3A//movie.douban.com/subject/1388216/",8.6,152135,2004," 美国 / 德国 / 犯罪 / 剧情"
"海盗电台 (豆瓣)","http://link.zhihu.com/?target=https%3A//movie.douban.com/subject/3007773/",8.6,150404,2009," 英国 / 德国 / 法国 / 剧情 / 喜剧 / 音乐"
"时空恋旅人 (豆瓣)","http://link.zhihu.com/?target=https%3A//movie.douban.com/subject/10577869/",8.6,149795,2013," 英国 / 剧情 / 爱情 / 奇幻"
"达拉斯买家俱乐部 (豆瓣)","http://link.zhihu.com/?target=https%3A//movie.douban.com/subject/1793929/",8.6,134948,2013," 美国 / 剧情 / 传记 / 同性"
"7号房的礼物 (豆瓣)","http://link.zhihu.com/?target=https%3A//movie.douban.com/subject/10777687/",8.6,132424,2013," 韩国 / 剧情 / 喜剧 / 家庭"
"可可西里 (豆瓣)","http://link.zhihu.com/?target=https%3A//movie.douban.com/subject/1308857/",8.6,110535,2004," 中国大陆 / 香港 / 剧情"
"心迷宫 (豆瓣)","http://link.zhihu.com/?target=https%3A//movie.douban.com/subject/25917973/",8.6,109859,2015," 中国大陆 / 剧情 / 犯罪 / 悬疑"
"荒野生存 (豆瓣)","http://link.zhihu.com/?target=https%3A//movie.douban.com/subject/1905462/",8.6,109510,2007," 美国 / 冒险 / 传记 / 剧情"
"卡萨布兰卡 (豆瓣)","http://link.zhihu.com/?target=https%3A//movie.douban.com/subject/1296753/",8.6,105357,1942," 美国 / 剧情 / 爱情 / 战争"
"非常嫌疑犯 (豆瓣)","http://link.zhihu.com/?target=https%3A//movie.douban.com/subject/1292214/",8.6,96343,1995," 德国 / 美国 / 剧情 / 犯罪 / 悬疑 / 惊悚"
"燕尾蝶 (豆瓣)","http://link.zhihu.com/?target=https%3A//movie.douban.com/subject/1307793/",8.6,95851,1996," 日本 / 犯罪 / 剧情"
"巴黎淘气帮 (豆瓣)","http://link.zhihu.com/?target=https%3A//movie.douban.com/subject/3157605/",8.6,94558,2013," 法国 / 比利时 / 儿童 / 喜剧 / 家庭"
"叫我第一名 (豆瓣)","http://link.zhihu.com/?target=https%3A//movie.douban.com/subject/4798888/",8.6,92633,2008," 美国 / 剧情 / 传记"
"蝴蝶 (豆瓣)","http://link.zhihu.com/?target=https%3A//movie.douban.com/subject/1292056/",8.6,85332,2002," 法国 / 剧情 / 儿童 / 喜剧"
"末路狂花 (豆瓣)","http://link.zhihu.com/?target=https%3A//movie.douban.com/subject/1291992/",8.6,83104,1991," 美国 / 法国 / 犯罪 / 剧情 / 惊悚"
"上帝也疯狂 (豆瓣)","http://link.zhihu.com/?target=https%3A//movie.douban.com/subject/1297478/",8.6,82106,1980," 博茨瓦纳 / 南非 / 喜剧"
"牯岭街少年杀人事件 (豆瓣)","http://link.zhihu.com/?target=https%3A//movie.douban.com/subject/1292329/",8.6,80195,1991," 台湾 / 剧情 / 犯罪"
"枪火 (豆瓣)","http://link.zhihu.com/?target=https%3A//movie.douban.com/subject/1300741/",8.6,78494,1999," 香港 / 剧情 / 动作 / 犯罪"
"东邪西毒：终极版 (豆瓣)","http://link.zhihu.com/?target=https%3A//movie.douban.com/subject/3726072/",8.6,76470,2009," 香港 / 中国大陆 / 台湾 / 剧情 / 动作 / 爱情"
"2001太空漫游 (豆瓣)","http://link.zhihu.com/?target=https%3A//movie.douban.com/subject/1292226/",8.6,74393,1968," 美国 / 英国 / 剧情 / 科幻 / 悬疑 / 冒险"
"不一样的天空 (豆瓣)","http://link.zhihu.com/?target=https%3A//movie.douban.com/subject/1301617/",8.6,70991,1993," 美国 / 剧情 / 爱情 / 家庭"
"完美陌生人 (豆瓣)","http://link.zhihu.com/?target=https%3A//movie.douban.com/subject/26614893/",8.6,68917,2016," 意大利 / 剧情 / 喜剧"
"洛城机密 (豆瓣)","http://link.zhihu.com/?target=https%3A//movie.douban.com/subject/1292348/",8.6,68256,1997," 美国 / 犯罪 / 剧情 / 悬疑 / 惊悚"
"我们俩 (豆瓣)","http://link.zhihu.com/?target=https%3A//movie.douban.com/subject/1756073/",8.6,64789,2005," 中国大陆 / 剧情"
"我在伊朗长大 (豆瓣)","http://link.zhihu.com/?target=https%3A//movie.douban.com/subject/1962116/",8.6,64710,2007," 法国 / 美国 / 动画 / 传记 / 剧情 / 战争"
"黑天鹅 (豆瓣)","http://link.zhihu.com/?target=https%3A//movie.douban.com/subject/1978709/",8.5,363207,2010," 美国 / 剧情 / 惊悚"
"贫民窟的百万富翁 (豆瓣)","http://link.zhihu.com/?target=https%3A//movie.douban.com/subject/2209573/",8.5,354394,2009," 英国 / 美国 / 剧情 / 爱情"
"神偷奶爸 (豆瓣)","http://link.zhihu.com/?target=https%3A//movie.douban.com/subject/3287562/",8.5,317807,2010," 美国 / 儿童 / 喜剧 / 动画"
"加勒比海盗 (豆瓣)","http://link.zhihu.com/?target=https%3A//movie.douban.com/subject/1298070/",8.5,284454,2003," 美国 / 动作 / 冒险 / 奇幻"
"断背山 (豆瓣)","http://link.zhihu.com/?target=https%3A//movie.douban.com/subject/1418834/",8.5,272223,2005," 美国 / 加拿大 / 剧情 / 爱情 / 同性 / 家庭"
"真爱至上 (豆瓣)","http://link.zhihu.com/?target=https%3A//movie.douban.com/subject/1292401/",8.5,268288,2003," 英国 / 美国 / 喜剧 / 剧情 / 爱情"
"蝙蝠侠：黑暗骑士崛起 (豆瓣)","http://link.zhihu.com/?target=https%3A//movie.douban.com/subject/3395373/",8.5,253142,2012," 美国 / 英国 / 剧情 / 动作 / 科幻 / 犯罪 / 惊悚"
"朗读者 (豆瓣)","http://link.zhihu.com/?target=https%3A//movie.douban.com/subject/2213597/",8.5,245835,2008," 美国 / 德国 / 剧情 / 爱情"
"记忆碎片 (豆瓣)","http://link.zhihu.com/?target=https%3A//movie.douban.com/subject/1304447/",8.5,236798,2000," 美国 / 犯罪 / 剧情 / 悬疑 / 惊悚"
"恋恋笔记本 (豆瓣)","http://link.zhihu.com/?target=https%3A//movie.douban.com/subject/1309163/",8.5,232249,2004," 美国 / 剧情 / 爱情"
"被解救的姜戈 (豆瓣)","http://link.zhihu.com/?target=https%3A//movie.douban.com/subject/6307447/",8.5,222956,2013," 美国 / 剧情 / 动作 / 西部 / 冒险"
"东邪西毒 (豆瓣)","http://link.zhihu.com/?target=https%3A//movie.douban.com/subject/1292328/",8.5,215765,1994," 香港 / 台湾 / 剧情 / 动作 / 爱情 / 武侠 / 古装"
"猜火车 (豆瓣)","http://link.zhihu.com/?target=https%3A//movie.douban.com/subject/1292528/",8.5,210938,1996," 英国 / 犯罪 / 剧情"
"倩女幽魂 (豆瓣)","http://link.zhihu.com/?target=https%3A//movie.douban.com/subject/1297447/",8.5,204680,2011," 香港 / 剧情 / 爱情 / 武侠 / 古装"
"模仿游戏 (豆瓣)","http://link.zhihu.com/?target=https%3A//movie.douban.com/subject/10463953/",8.5,203982,2015," 英国 / 美国 / 剧情 / 传记 / 战争 / 同性"
"悲惨世界 (豆瓣)","http://link.zhihu.com/?target=https%3A//movie.douban.com/subject/6860160/",8.5,194730,2013," 美国 / 英国 / 剧情 / 爱情 / 音乐"
"疯狂的麦克斯4：狂暴之路 (豆瓣)","http://link.zhihu.com/?target=https%3A//movie.douban.com/subject/3592854/",8.5,176759,2015," 澳大利亚 / 美国 / 动作 / 科幻 / 冒险"
"谍影重重 (豆瓣)","http://link.zhihu.com/?target=https%3A//movie.douban.com/subject/1304102/",8.5,163377,2002," 美国 / 德国 / 捷克 / 动作 / 悬疑 / 冒险"
"战争之王 (豆瓣)","http://link.zhihu.com/?target=https%3A//movie.douban.com/subject/1419936/",8.5,150088,2005," 美国 / 法国 / 剧情 / 犯罪"
"这个男人来自地球 (豆瓣)","http://link.zhihu.com/?target=https%3A//movie.douban.com/subject/2300586/",8.5,144379,2007," 美国 / 剧情 / 科幻"
"阿飞正传 (豆瓣)","http://link.zhihu.com/?target=https%3A//movie.douban.com/subject/1305690/",8.5,143385,1990," 香港 / 犯罪 / 剧情 / 爱情"
"谍影重重2 (豆瓣)","http://link.zhihu.com/?target=https%3A//movie.douban.com/subject/1308767/",8.5,133447,2004," 美国 / 德国 / 动作 / 悬疑 / 冒险"
"E.T. 外星人 (豆瓣)","http://link.zhihu.com/?target=https%3A//movie.douban.com/subject/1294638/",8.5,129458,1982," 美国 / 剧情 / 科幻 / 奇幻 / 冒险"
"再次出发之纽约遇见你 (豆瓣)","http://link.zhihu.com/?target=https%3A//movie.douban.com/subject/6874403/",8.5,127062,2015," 美国 / 喜剧 / 爱情 / 音乐"
"勇闯夺命岛 (豆瓣)","http://link.zhihu.com/?target=https%3A//movie.douban.com/subject/1292728/",8.5,122211,1996," 美国 / 动作 / 冒险"
"月球 (豆瓣)","http://link.zhihu.com/?target=https%3A//movie.douban.com/subject/3073124/",8.5,119271,2009," 英国 / 剧情 / 悬疑 / 科幻"
"终结者2：审判日 (豆瓣)","http://link.zhihu.com/?target=https%3A//movie.douban.com/subject/1291844/",8.5,118991,2016," 美国 / 法国 / 动作 / 科幻"
"少年时代 (豆瓣)","http://link.zhihu.com/?target=https%3A//movie.douban.com/subject/2209575/",8.5,118453,2014," 美国 / 剧情 / 家庭"
"开心家族 (豆瓣)","http://link.zhihu.com/?target=https%3A//movie.douban.com/subject/6019180/",8.5,114448,2011," 韩国 / 剧情 / 喜剧 / 家庭"
"麦兜故事 (豆瓣)","http://link.zhihu.com/?target=https%3A//movie.douban.com/subject/1302476/",8.5,111741,2001," 香港 / 剧情 / 喜剧 / 动画"
"血钻 (豆瓣)","http://link.zhihu.com/?target=https%3A//movie.douban.com/subject/1428175/",8.5,106398,2006," 美国 / 德国 / 剧情 / 惊悚 / 冒险"
"遗愿清单 (豆瓣)","http://link.zhihu.com/?target=https%3A//movie.douban.com/subject/1867345/",8.5,103170,2007," 美国 / 冒险 / 喜剧 / 剧情"
"偷拐抢骗 (豆瓣)","http://link.zhihu.com/?target=https%3A//movie.douban.com/subject/1301171/",8.5,98745,2000," 英国 / 美国 / 喜剧 / 犯罪"
"黑鹰坠落 (豆瓣)","http://link.zhihu.com/?target=https%3A//movie.douban.com/subject/1291824/",8.5,90805,2002," 美国 / 动作 / 历史 / 战争"
"廊桥遗梦 (豆瓣)","http://link.zhihu.com/?target=https%3A//movie.douban.com/subject/1293929/",8.5,80040,1995," 美国 / 剧情 / 爱情"
"海街日记 (豆瓣)","http://link.zhihu.com/?target=https%3A//movie.douban.com/subject/25895901/",8.5,79507,2015," 日本 / 剧情 / 家庭"
"千年女优 (豆瓣)","http://link.zhihu.com/?target=https%3A//movie.douban.com/subject/1307394/",8.5,74074,2001," 日本 / 动画 / 剧情 / 爱情"
"时时刻刻 (豆瓣)","http://link.zhihu.com/?target=https%3A//movie.douban.com/subject/1305666/",8.5,71237,2002," 美国 / 英国 / 剧情 / 传记"
"茜茜公主 (豆瓣)","http://link.zhihu.com/?target=https%3A//movie.douban.com/subject/1304056/",8.5,68348,1955," 奥地利 / 喜剧 / 剧情 / 历史 / 爱情"
"哪啊哪啊神去村 (豆瓣)","http://link.zhihu.com/?target=https%3A//movie.douban.com/subject/24741412/",8.5,68221,2014," 日本 / 剧情 / 喜剧"
"天水围的日与夜 (豆瓣)","http://link.zhihu.com/?target=https%3A//movie.douban.com/subject/3077668/",8.5,63785,2008," 香港 / 剧情"
"少年斯派维的奇异旅行 (豆瓣)","http://link.zhihu.com/?target=https%3A//movie.douban.com/subject/6985803/",8.5,62882,2013," 法国 / 澳大利亚 / 加拿大 / 剧情 / 家庭 / 冒险"
"岁月的童话 (豆瓣)","http://link.zhihu.com/?target=https%3A//movie.douban.com/subject/1291588/",8.5,61066,1991," 日本 / 剧情 / 爱情 / 动画"
"王牌特工：特工学院 (豆瓣)","http://link.zhihu.com/?target=https%3A//movie.douban.com/subject/24405378/",8.4,285412,2015," 英国 / 美国 / 喜剧 / 动作 / 犯罪 / 冒险"
"火星救援 (豆瓣)","http://link.zhihu.com/?target=https%3A//movie.douban.com/subject/25864085/",8.4,254017,2015," 美国 / 英国 / 剧情 / 科幻 / 冒险"
"傲慢与偏见 (豆瓣)","http://link.zhihu.com/?target=https%3A//movie.douban.com/subject/1418200/",8.4,252701,2005," 法国 / 英国 / 美国 / 剧情 / 爱情"
"香水 (豆瓣)","http://link.zhihu.com/?target=https%3A//movie.douban.com/subject/1760622/",8.4,236534,2006," 德国 / 法国 / 西班牙 / 美国 / 剧情 / 犯罪 / 奇幻"
"秒速5厘米 (豆瓣)","http://link.zhihu.com/?target=https%3A//movie.douban.com/subject/2043546/",8.4,235283,2007," 日本 / 动画 / 剧情 / 爱情"
"冰川时代 (豆瓣)","http://link.zhihu.com/?target=https%3A//movie.douban.com/subject/1291578/",8.4,235108,2002," 美国 / 喜剧 / 动画 / 冒险"
"里约大冒险 (豆瓣)","http://link.zhihu.com/?target=https%3A//movie.douban.com/subject/3731581/",8.4,207481,2011," 美国 / 喜剧 / 动画 / 冒险"
"花样年华 (豆瓣)","http://link.zhihu.com/?target=https%3A//movie.douban.com/subject/1291557/",8.4,196573,2000," 香港 / 法国 / 剧情 / 爱情"
"穆赫兰道 (豆瓣)","http://link.zhihu.com/?target=https%3A//movie.douban.com/subject/1292217/",8.4,194295,2001," 法国 / 美国 / 剧情 / 悬疑 / 惊悚"
"速度与激情5 (豆瓣)","http://link.zhihu.com/?target=https%3A//movie.douban.com/subject/4286017/",8.4,191200,2011," 美国 / 动作 / 犯罪 / 剧情 / 惊悚"
"无耻混蛋 (豆瓣)","http://link.zhihu.com/?target=https%3A//movie.douban.com/subject/1438652/",8.4,190663,2009," 美国 / 德国 / 剧情 / 犯罪"
"变脸 (豆瓣)","http://link.zhihu.com/?target=https%3A//movie.douban.com/subject/1292659/",8.4,185612,1997," 美国 / 动作 / 科幻 / 犯罪"
"魔女宅急便 (豆瓣)","http://link.zhihu.com/?target=https%3A//movie.douban.com/subject/1307811/",8.4,159640,1989," 日本 / 动画 / 奇幻 / 冒险"
"发条橙 (豆瓣)","http://link.zhihu.com/?target=https%3A//movie.douban.com/subject/1292233/",8.4,159311,1971," 英国 / 美国 / 犯罪 / 剧情 / 科幻"
"美国丽人 (豆瓣)","http://link.zhihu.com/?target=https%3A//movie.douban.com/subject/1292062/",8.4,158069,1999," 美国 / 剧情 / 家庭"
"英国病人 (豆瓣)","http://link.zhihu.com/?target=https%3A//movie.douban.com/subject/1291853/",8.4,155517,1996," 美国 / 英国 / 爱情 / 剧情 / 战争"
"新龙门客栈 (豆瓣)","http://link.zhihu.com/?target=https%3A//movie.douban.com/subject/1292287/",8.4,153364,2012," 香港 / 中国大陆 / 剧情 / 动作 / 武侠 / 古装"
"黑客帝国3：矩阵革命 (豆瓣)","http://link.zhihu.com/?target=https%3A//movie.douban.com/subject/1302467/",8.4,128310,2003," 美国 / 澳大利亚 / 动作 / 科幻"
"罪恶之城（豆瓣）","http://link.zhihu.com/?target=https%3A//movie.douban.com/subject/1309027/",8.4,125229,2005," 美国 / 动作 / 犯罪 / 惊悚"
"暖暖内含光 (豆瓣)","http://link.zhihu.com/?target=https%3A//movie.douban.com/subject/1308777/",8.4,123786,2004," 美国 / 剧情 / 爱情 / 奇幻"
"角斗士 (豆瓣)","http://link.zhihu.com/?target=https%3A//movie.douban.com/subject/1293530/",8.4,111923,2000," 英国 / 美国 / 剧情 / 动作 / 历史 / 冒险"
"荒岛余生 (豆瓣)","http://link.zhihu.com/?target=https%3A//movie.douban.com/subject/1298653/",8.4,110045,2000," 美国 / 冒险 / 剧情"
"导盲犬小Q (豆瓣)","http://link.zhihu.com/?target=https%3A//movie.douban.com/subject/1316572/",8.4,105681,2004," 日本 / 剧情"
"暗战 (豆瓣)","http://link.zhihu.com/?target=https%3A//movie.douban.com/subject/1298898/",8.4,100364,1999," 香港 / 动作 / 剧情 / 犯罪"
"了不起的狐狸爸爸 (豆瓣)","http://link.zhihu.com/?target=https%3A//movie.douban.com/subject/1759386/",8.4,98370,2009," 美国 / 动画 / 冒险 / 喜剧 / 家庭"
"弱点 (豆瓣)","http://link.zhihu.com/?target=https%3A//movie.douban.com/subject/3552028/",8.4,93025,2009," 美国 / 剧情 / 家庭 / 传记 / 运动"
"出租车司机 (豆瓣)","http://link.zhihu.com/?target=https%3A//movie.douban.com/subject/1292222/",8.4,88667,1976," 美国 / 剧情 / 犯罪"
"她比烟花寂寞 (豆瓣)","http://link.zhihu.com/?target=https%3A//movie.douban.com/subject/1293708/",8.4,87318,1998," 英国 / 传记 / 剧情 / 音乐"
"百万美元宝贝 (豆瓣)","http://link.zhihu.com/?target=https%3A//movie.douban.com/subject/1309016/",8.4,84960,2004," 美国 / 剧情 / 运动"
"麦兜当当伴我心 (豆瓣)","http://link.zhihu.com/?target=https%3A//movie.douban.com/subject/10772258/",8.4,71578,2012," 中国大陆 / 香港 / 喜剧 / 动画"
"艺术家 (豆瓣)","http://link.zhihu.com/?target=https%3A//movie.douban.com/subject/6097775/",8.4,71119,2012," 法国 / 比利时 / 美国 / 剧情 / 喜剧 / 爱情"
"万箭穿心 (豆瓣)","http://link.zhihu.com/?target=https%3A//movie.douban.com/subject/10537853/",8.4,62632,2012," 中国大陆 / 剧情 / 家庭"
"回到未来 (豆瓣)","http://link.zhihu.com/?target=https%3A//movie.douban.com/subject/1300555/",8.4,60520,1985," 美国 / 喜剧 / 科幻 / 冒险"
"初恋这件小事 (豆瓣)","http://link.zhihu.com/?target=https%3A//movie.douban.com/subject/4739952/",8.3,392390,2012," 泰国 / 喜剧 / 爱情"
"源代码 (豆瓣)","http://link.zhihu.com/?target=https%3A//movie.douban.com/subject/3075287/",8.3,354494,2011," 美国 / 加拿大 / 剧情 / 动作 / 科幻 / 犯罪 / 惊悚"
"国王的演讲 (豆瓣)","http://link.zhihu.com/?target=https%3A//movie.douban.com/subject/4023638/",8.3,291472,2012," 英国 / 澳大利亚 / 美国 / 剧情 / 传记 / 历史"
"冰雪奇缘 (豆瓣)","http://link.zhihu.com/?target=https%3A//movie.douban.com/subject/4202982/",8.3,259757,2014," 美国 / 喜剧 / 动画 / 奇幻 / 冒险"
"唐伯虎点秋香 (豆瓣)","http://link.zhihu.com/?target=https%3A//movie.douban.com/subject/1306249/",8.3,254173,1993," 香港 / 喜剧 / 爱情 / 古装"
"恐怖游轮 (豆瓣)","http://link.zhihu.com/?target=https%3A//movie.douban.com/subject/3011051/",8.3,250631,2009," 英国 / 澳大利亚 / 剧情 / 悬疑 / 惊悚"
"喜剧之王 (豆瓣)","http://link.zhihu.com/?target=https%3A//movie.douban.com/subject/1302425/",8.3,242016,1999," 香港 / 喜剧 / 剧情 / 爱情"
"速度与激情7 (豆瓣)","http://link.zhihu.com/?target=https%3A//movie.douban.com/subject/23761370/",8.3,229268,2015," 美国 / 中国大陆 / 日本 / 动作 / 犯罪"
"亲爱的 (豆瓣)","http://link.zhihu.com/?target=https%3A//movie.douban.com/subject/25798222/",8.3,223422,2014," 中国大陆 / 香港 / 剧情 / 家庭"
"爱在暹罗 (豆瓣)","http://link.zhihu.com/?target=https%3A//movie.douban.com/subject/2365260/",8.3,198513,2007," 泰国 / 剧情 / 爱情 / 同性 / 家庭"
"她 (豆瓣)","http://link.zhihu.com/?target=https%3A//movie.douban.com/subject/6722879/",8.3,190073,2013," 美国 / 剧情 / 爱情 / 科幻"
"青蛇 (豆瓣)","http://link.zhihu.com/?target=https%3A//movie.douban.com/subject/1303394/",8.3,180750,1993," 香港 / 剧情 / 奇幻 / 古装"
"曾经 (豆瓣)","http://link.zhihu.com/?target=https%3A//movie.douban.com/subject/2053515/",8.3,178034,2006," 爱尔兰 / 剧情 / 音乐 / 爱情"
"夜访吸血鬼 (豆瓣)","http://link.zhihu.com/?target=https%3A//movie.douban.com/subject/1299327/",8.3,173073,1994," 美国 / 剧情 / 奇幻 / 惊悚"
"釜山行 (豆瓣)","http://link.zhihu.com/?target=https%3A//movie.douban.com/subject/25986180/",8.3,158134,2016," 韩国 / 动作 / 惊悚 / 灾难"
"钢的琴 (豆瓣)","http://link.zhihu.com/?target=https%3A//movie.douban.com/subject/4876722/",8.3,150546,2011," 中国大陆 / 剧情 / 喜剧"
"冰川时代3 (豆瓣)","http://link.zhihu.com/?target=https%3A//movie.douban.com/subject/2357162/",8.3,140738,2009," 美国 / 喜剧 / 动画 / 冒险"
"我的个神啊 (豆瓣)","http://link.zhihu.com/?target=https%3A//movie.douban.com/subject/10741643/",8.3,136697,2015," 印度 / 喜剧 / 奇幻"
"彗星来的那一夜 (豆瓣)","http://link.zhihu.com/?target=https%3A//movie.douban.com/subject/25807345/",8.3,125460,2013," 美国 / 英国 / 科幻 / 悬疑 / 惊悚"
"黑客帝国2：重装上阵 (豆瓣)","http://link.zhihu.com/?target=https%3A//movie.douban.com/subject/1304141/",8.3,122097,2003," 美国 / 澳大利亚 / 动作 / 科幻"
"白日梦想家 (豆瓣)","http://link.zhihu.com/?target=https%3A//movie.douban.com/subject/2133323/",8.3,116051,2013," 美国 / 剧情 / 喜剧 / 冒险"
"八月迷情 (豆瓣)","http://link.zhihu.com/?target=https%3A//movie.douban.com/subject/1844413/",8.3,114768,2009," 美国 / 剧情 / 音乐 / 爱情"
"巴黎，我爱你 (豆瓣)","http://link.zhihu.com/?target=https%3A//movie.douban.com/subject/1783772/",8.3,114505,2006," 法国 / 德国 / 列支敦士登 / 瑞士 / 剧情 / 爱情"
"奇怪的她 (豆瓣)","http://link.zhihu.com/?target=https%3A//movie.douban.com/subject/24879820/",8.3,106839,2014," 韩国 / 喜剧 / 奇幻"
"天生一对 (豆瓣)","http://link.zhihu.com/?target=https%3A//movie.douban.com/subject/1297102/",8.3,98368,1998," 美国 / 剧情 / 儿童 / 喜剧 / 爱情 / 家庭"
"嫌疑人X的献身 (豆瓣)","http://link.zhihu.com/?target=https%3A//movie.douban.com/subject/2369845/",8.3,94429,2008," 日本 / 犯罪 / 剧情 / 悬疑"
"换子疑云 (豆瓣)","http://link.zhihu.com/?target=https%3A//movie.douban.com/subject/2028666/",8.3,88893,2008," 美国 / 剧情 / 悬疑 / 惊悚"
"神探 (豆瓣)","http://link.zhihu.com/?target=https%3A//movie.douban.com/subject/2027938/",8.3,88054,2007," 香港 / 动作 / 犯罪 / 惊悚"
"买凶拍人 (豆瓣)","http://link.zhihu.com/?target=https%3A//movie.douban.com/subject/1300616/",8.3,83584,2001," 香港 / 犯罪 / 动作 / 喜剧"
"八恶人 (豆瓣)","http://link.zhihu.com/?target=https%3A//movie.douban.com/subject/25787888/",8.3,82733,2015," 美国 / 剧情 / 犯罪 / 西部"
"阿黛尔的生活 (豆瓣)","http://link.zhihu.com/?target=https%3A//movie.douban.com/subject/10535568/",8.3,81881,2013," 法国 / 比利时 / 西班牙 / 突尼斯 / 剧情 / 爱情 / 同性"
"红猪 (豆瓣)","http://link.zhihu.com/?target=https%3A//movie.douban.com/subject/1291838/",8.3,79420,1992," 日本 / 动画 / 冒险 / 奇幻 / 爱情"
"兵临城下 (豆瓣)","http://link.zhihu.com/?target=https%3A//movie.douban.com/subject/1301726/",8.3,77334,2001," 美国 / 德国 / 英国 / 爱尔兰 / 剧情 / 历史 / 惊悚 / 战争"
"热血警探 (豆瓣)","http://link.zhihu.com/?target=https%3A//movie.douban.com/subject/1806555/",8.3,74316,2007," 美国 / 法国 / 英国 / 喜剧 / 动作"
"一级恐惧 (豆瓣)","http://link.zhihu.com/?target=https%3A//movie.douban.com/subject/1296217/",8.3,73515,1996," 美国 / 犯罪 / 剧情 / 悬疑 / 惊悚"
"追击者 (豆瓣)","http://link.zhihu.com/?target=https%3A//movie.douban.com/subject/3006309/",8.3,73342,2008," 韩国 / 犯罪 / 剧情 / 惊悚"
"美女与野兽 (豆瓣)","http://link.zhihu.com/?target=https%3A//movie.douban.com/subject/1297995/",8.3,64986,1991," 美国 / 喜剧 / 爱情 / 动画 / 歌舞 / 奇幻"
"黄海 (豆瓣)","http://link.zhihu.com/?target=https%3A//movie.douban.com/subject/3743114/",8.3,60972,2010," 韩国 / 美国 / 香港 / 剧情 / 动作 / 犯罪"
"黑暗中的舞者 (豆瓣)","http://link.zhihu.com/?target=https%3A//movie.douban.com/subject/1291562/",8.3,60718,2000," 丹麦 / 西班牙 / 阿根廷 / 德国 / 荷兰 / 意大利 / 美国 / 英国 / 法国 / 瑞典 / 芬兰 / 冰岛 / 挪威 / 剧情 / 歌舞"
"控方证人 (豆瓣)","http://link.zhihu.com/?target=https%3A//movie.douban.com/subject/1296141/",9.5,52322,1957," 美国 / 剧情 / 犯罪 / 悬疑"
"城市之光 (豆瓣)","http://link.zhihu.com/?target=https%3A//movie.douban.com/subject/1293908/",9.2,33266,1931," 美国 / 喜剧 / 剧情 / 爱情"
"爱・回家 (豆瓣)","http://link.zhihu.com/?target=https%3A//movie.douban.com/subject/1299361/",9.1,39565,2002," 韩国 / 剧情 / 儿童 / 家庭"
"东京物语 (豆瓣)","http://link.zhihu.com/?target=https%3A//movie.douban.com/subject/1291568/",9.1,38585,1953," 日本 / 剧情 / 家庭"
"我爱你 (豆瓣)","http://link.zhihu.com/?target=https%3A//movie.douban.com/subject/5908478/",9,43701,2011," 韩国 / 剧情 / 爱情"
"忠犬八公物语 (豆瓣)","http://link.zhihu.com/?target=https%3A//movie.douban.com/subject/1959195/",9,41999,1987," 日本 / 剧情"
"与狼共舞 (豆瓣)","http://link.zhihu.com/?target=https%3A//movie.douban.com/subject/1293764/",8.9,49477,1990," 美国 / 冒险 / 剧情 / 西部"
"天书奇谭 (豆瓣)","http://link.zhihu.com/?target=https%3A//movie.douban.com/subject/1428581/",8.9,43056,1983," 中国大陆 / 动画"
"伴我同行 (豆瓣)","http://link.zhihu.com/?target=https%3A//movie.douban.com/subject/1292925/",8.9,42345,1986," 美国 / 剧情 / 儿童 / 冒险"
"攻壳机动队 (豆瓣)","http://link.zhihu.com/?target=https%3A//movie.douban.com/subject/1291936/",8.9,40407,1995," 日本 / 动画 / 动作 / 科幻 / 奇幻 / 惊悚"
"偷自行车的人 (豆瓣)","http://link.zhihu.com/?target=https%3A//movie.douban.com/subject/1295873/",8.9,33457,1948," 意大利 / 犯罪 / 剧情"
"刺猬的优雅 (豆瓣)","http://link.zhihu.com/?target=https%3A//movie.douban.com/subject/3824274/",8.8,48544,2009," 法国 / 意大利 / 剧情"
"赛德克・巴莱(上)：太阳旗 (豆瓣)","http://link.zhihu.com/?target=https%3A//movie.douban.com/subject/10450409/",8.8,48297,2011," 台湾 / 剧情 / 历史 / 战争"
"相助 (豆瓣)","http://link.zhihu.com/?target=https%3A//movie.douban.com/subject/3792848/",8.8,47761,2011," 美国 / 印度 / 阿联酋 / 剧情"
"自闭历程 (豆瓣)","http://link.zhihu.com/?target=https%3A//movie.douban.com/subject/3236904/",8.8,38484,2010," 美国 / 剧情 / 传记"
"坠入 (豆瓣)","http://link.zhihu.com/?target=https%3A//movie.douban.com/subject/1890572/",8.8,38332,2006," 美国 / 南非 / 印度 / 剧情 / 喜剧 / 奇幻 / 冒险"
"步履不停 (豆瓣)","http://link.zhihu.com/?target=https%3A//movie.douban.com/subject/2222996/",8.8,37589,2008," 日本 / 剧情 / 家庭"
"上帝也疯狂2 (豆瓣)","http://link.zhihu.com/?target=https%3A//movie.douban.com/subject/1294490/",8.8,37472,1989," 博茨瓦纳 / 南非 / 美国 / 喜剧"
"小萝莉的猴神大叔 (豆瓣)","http://link.zhihu.com/?target=https%3A//movie.douban.com/subject/26393561/",8.7,53246,2015," 印度 / 剧情 / 喜剧 / 动作 / 爱情"
"再见列宁 (豆瓣)","http://link.zhihu.com/?target=https%3A//movie.douban.com/subject/1292055/",8.7,53170,2003," 德国 / 剧情 / 家庭"
"跳出我天地 (豆瓣)","http://link.zhihu.com/?target=https%3A//movie.douban.com/subject/1301169/",8.7,52694,2000," 英国 / 法国 / 剧情 / 儿童 / 歌舞 / 家庭"
"蓝白红三部曲之红 (豆瓣)","http://link.zhihu.com/?target=https%3A//movie.douban.com/subject/1292047/",8.7,52066,1994," 法国 / 波兰 / 瑞士 / 剧情 / 爱情"
"疯狂约会美丽都 (豆瓣)","http://link.zhihu.com/?target=https%3A//movie.douban.com/subject/1291565/",8.7,47967,2003," 法国 / 比利时 / 加拿大 / 英国 / 拉脱维亚 / 喜剧 / 动画"
"魔术师 (豆瓣)","http://link.zhihu.com/?target=https%3A//movie.douban.com/subject/1921583/",8.7,44863,2010," 法国 / 英国 / 剧情 / 动画"
"赛德克・巴莱(下)：彩虹桥 (豆瓣)","http://link.zhihu.com/?target=https%3A//movie.douban.com/subject/6393127/",8.7,42270,2011," 台湾 / 剧情 / 历史 / 战争"
"横道世之介 (豆瓣)","http://link.zhihu.com/?target=https%3A//movie.douban.com/subject/10484041/",8.7,41991,2013," 日本 / 剧情 / 爱情"
"精英部队2：大敌当前 (豆瓣)","http://link.zhihu.com/?target=https%3A//movie.douban.com/subject/4304402/",8.7,41950,2011," 巴西 / 剧情 / 动作 / 犯罪 / 惊悚"
"河童之夏 (豆瓣)","http://link.zhihu.com/?target=https%3A//movie.douban.com/subject/2982823/",8.7,41371,2007," 日本 / 剧情 / 动画"
"沙漠之花 (豆瓣)","http://link.zhihu.com/?target=https%3A//movie.douban.com/subject/3430271/",8.7,40205,2009," 英国 / 德国 / 奥地利 / 剧情"
"四百击 (豆瓣)","http://link.zhihu.com/?target=https%3A//movie.douban.com/subject/1300056/",8.7,38877,1959," 法国 / 犯罪 / 剧情"
"一个叫欧维的男人决定去死 (豆瓣)","http://link.zhihu.com/?target=https%3A//movie.douban.com/subject/26628357/",8.7,34573,2015," 瑞典 / 剧情"
"东京教父 (豆瓣)","http://link.zhihu.com/?target=https%3A//movie.douban.com/subject/1310177/",8.7,34323,2003," 日本 / 冒险 / 动画 / 剧情 / 喜剧"
"奇爱博士 (豆瓣)","http://link.zhihu.com/?target=https%3A//movie.douban.com/subject/1322848/",8.7,34301,1964," 美国 / 英国 / 喜剧 / 剧情"
"我的邻居山田君 (豆瓣)","http://link.zhihu.com/?target=https%3A//movie.douban.com/subject/1417728/",8.7,33716,1999," 日本 / 动画 / 喜剧 / 家庭"
"迷墙 (豆瓣)","http://link.zhihu.com/?target=https%3A//movie.douban.com/subject/1296157/",8.7,32190,1982," 英国 / 剧情 / 音乐"
"悲情城市 (豆瓣)","http://link.zhihu.com/?target=https%3A//movie.douban.com/subject/1294194/",8.7,31848,1989," 台湾 / 香港 / 剧情"
"莫扎特传 (豆瓣)","http://link.zhihu.com/?target=https%3A//movie.douban.com/subject/1293399/",8.6,59072,1984," 美国 / 传记 / 剧情 / 音乐"
"盲井（豆瓣）","http://link.zhihu.com/?target=https%3A//movie.douban.com/subject/1307528/",8.6,57558,2003," 中国大陆 / 德国 / 香港 / 犯罪 / 剧情"
"天伦之旅 (豆瓣)","http://link.zhihu.com/?target=https%3A//movie.douban.com/subject/3041749/",8.6,56458,2009," 美国 / 剧情 / 家庭"
"布达佩斯之恋 (豆瓣)","http://link.zhihu.com/?target=https%3A//movie.douban.com/subject/1301106/",8.6,55879,1999," 德国 / 匈牙利 / 爱情 / 剧情"
"费城故事 (豆瓣)","http://link.zhihu.com/?target=https%3A//movie.douban.com/subject/1293145/",8.6,54737,1993," 美国 / 剧情 / 同性"
"对她说 (豆瓣)","http://link.zhihu.com/?target=https%3A//movie.douban.com/subject/1292211/",8.6,49008,2002," 西班牙 / 剧情"
"小情人 (豆瓣)","http://link.zhihu.com/?target=https%3A//movie.douban.com/subject/1394488/",8.6,46534,2004," 泰国 / 儿童 / 喜剧"
"南极大冒险 (豆瓣)","http://link.zhihu.com/?target=https%3A//movie.douban.com/subject/1477448/",8.6,45155,2006," 美国 / 剧情 / 冒险"
"恶童 (豆瓣)","http://link.zhihu.com/?target=https%3A//movie.douban.com/subject/1848925/",8.6,43293,2006," 日本 / 动画 / 动作 / 冒险 / 犯罪"
"我们天上见 (豆瓣)","http://link.zhihu.com/?target=https%3A//movie.douban.com/subject/3732800/",8.6,42458,2010," 中国大陆 / 剧情 / 家庭"
"老爷车 (豆瓣)","http://link.zhihu.com/?target=https%3A//movie.douban.com/subject/3026357/",8.6,41972,2008," 美国 / 德国 / 剧情"
"帝国的毁灭 (豆瓣)","http://link.zhihu.com/?target=https%3A//movie.douban.com/subject/1309115/",8.6,31450,2004," 德国 / 意大利 / 奥地利 / 传记 / 剧情 / 历史 / 战争"
"蓝白红三部曲之蓝 (豆瓣)","http://link.zhihu.com/?target=https%3A//movie.douban.com/subject/1292048/",8.5,59557,1993," 法国 / 波兰 / 瑞士 / 剧情 / 爱情"
"登堂入室 (豆瓣)","http://link.zhihu.com/?target=https%3A//movie.douban.com/subject/6537486/",8.5,59055,2012," 法国 / 剧情 / 悬疑"
"美国X档案 (豆瓣)","http://link.zhihu.com/?target=https%3A//movie.douban.com/subject/1293527/",8.5,58154,1998," 美国 / 犯罪 / 剧情"
"结婚礼服 (豆瓣)","http://link.zhihu.com/?target=https%3A//movie.douban.com/subject/4230918/",8.5,57292,2010," 韩国 / 剧情 / 家庭"
"狗镇 (豆瓣)","http://link.zhihu.com/?target=https%3A//movie.douban.com/subject/1298759/",8.5,57145,2003," 丹麦 / 瑞典 / 挪威 / 芬兰 / 英国 / 法国 / 德国 / 荷兰 / 意大利 / 剧情 / 悬疑 / 惊悚"
"阿郎的故事 (豆瓣)","http://link.zhihu.com/?target=https%3A//movie.douban.com/subject/1293315/",8.5,52882,1989," 香港 / 剧情"
"狼的孩子雨和雪 (豆瓣)","http://link.zhihu.com/?target=https%3A//movie.douban.com/subject/7064681/",8.5,51508,2012," 日本 / 剧情 / 动画 / 奇幻"
"全金属外壳 (豆瓣)","http://link.zhihu.com/?target=https%3A//movie.douban.com/subject/1300055/",8.5,49774,1987," 英国 / 美国 / 剧情 / 战争"
"土拨鼠之日 (豆瓣)","http://link.zhihu.com/?target=https%3A//movie.douban.com/subject/1300613/",8.5,49234,1993," 美国 / 剧情 / 喜剧 / 爱情 / 奇幻"
"走出非洲 (豆瓣)","http://link.zhihu.com/?target=https%3A//movie.douban.com/subject/1291840/",8.5,48458,1985," 美国 / 冒险 / 传记 / 剧情 / 爱情"
"春夏秋冬又一春 (豆瓣)","http://link.zhihu.com/?target=https%3A//movie.douban.com/subject/1316580/",8.5,47805,2003," 韩国 / 德国 / 剧情"
"K星异客 (豆瓣)","http://link.zhihu.com/?target=https%3A//movie.douban.com/subject/1306607/",8.5,44823,2001," 美国 / 德国 / 剧情 / 悬疑 / 科幻"
"爱 (豆瓣)","http://link.zhihu.com/?target=https%3A//movie.douban.com/subject/4798707/",8.5,42523,2012," 法国 / 德国 / 奥地利 / 剧情 / 爱情"
"我的名字叫可汗 (豆瓣)","http://link.zhihu.com/?target=https%3A//movie.douban.com/subject/3169043/",8.5,41304,2010," 印度 / 剧情 / 爱情"
"机器管家 (豆瓣)","http://link.zhihu.com/?target=https%3A//movie.douban.com/subject/1292529/",8.5,41294,1999," 美国 / 德国 / 剧情 / 爱情 / 科幻 / 奇幻"
"公民凯恩 (豆瓣)","http://link.zhihu.com/?target=https%3A//movie.douban.com/subject/1292288/",8.5,38926,1941," 美国 / 剧情 / 悬疑"
"安妮・霍尔 (豆瓣)","http://link.zhihu.com/?target=https%3A//movie.douban.com/subject/1296987/",8.5,34842,1977," 美国 / 喜剧 / 剧情 / 爱情"
"克莱默夫妇 (豆瓣)","http://link.zhihu.com/?target=https%3A//movie.douban.com/subject/1300685/",8.5,34537,1979," 美国 / 剧情 / 家庭"
"和声 (豆瓣)","http://link.zhihu.com/?target=https%3A//movie.douban.com/subject/4861627/",8.5,33878,2010," 韩国 / 剧情"
"花火 (豆瓣)","http://link.zhihu.com/?target=https%3A//movie.douban.com/subject/1302642/",8.5,30935,1997," 日本 / 犯罪 / 剧情 / 爱情 / 惊悚"
"关于我母亲的一切 (豆瓣)","http://link.zhihu.com/?target=https%3A//movie.douban.com/subject/1291937/",8.5,30342,2000," 西班牙 / 法国 / 剧情"
"辛普森一家 (豆瓣)","http://link.zhihu.com/?target=https%3A//movie.douban.com/subject/1851906/",8.4,59973,2007," 美国 / 动画 / 冒险 / 喜剧"
"罪恶之家 (豆瓣)","http://link.zhihu.com/?target=https%3A//movie.douban.com/subject/25955491/",8.4,58734,2015," 英国 / 剧情 / 悬疑"
"盗钥匙的方法 (豆瓣)","http://link.zhihu.com/?target=https%3A//movie.douban.com/subject/6880497/",8.4,58246,2012," 日本 / 剧情 / 喜剧"
"后窗 (豆瓣)","http://link.zhihu.com/?target=https%3A//movie.douban.com/subject/1299080/",8.4,57710,1954," 美国 / 悬疑 / 惊悚"
"盗火线 (豆瓣)","http://link.zhihu.com/?target=https%3A//movie.douban.com/subject/1295686/",8.4,57701,1995," 美国 / 犯罪 / 剧情 / 惊悚"
"王牌对王牌 (豆瓣)","http://link.zhihu.com/?target=https%3A//movie.douban.com/subject/1293434/",8.4,56662,1998," 美国 / 德国 / 动作 / 犯罪 / 剧情 / 悬疑 / 惊悚"
"单身男子 (豆瓣)","http://link.zhihu.com/?target=https%3A//movie.douban.com/subject/3275168/",8.4,56105,2009," 美国 / 剧情 / 同性"
"新世界 (豆瓣)","http://link.zhihu.com/?target=https%3A//movie.douban.com/subject/10437779/",8.4,55881,2013," 韩国 / 剧情 / 犯罪"
"梦旅人 (豆瓣)","http://link.zhihu.com/?target=https%3A//movie.douban.com/subject/1301948/",8.4,55669,1996," 日本 / 剧情 / 奇幻"
"芝加哥 (豆瓣)","http://link.zhihu.com/?target=https%3A//movie.douban.com/subject/1307697/",8.4,50712,2002," 美国 / 德国 / 喜剧 / 歌舞 / 犯罪"
"小羊肖恩 (豆瓣)","http://link.zhihu.com/?target=https%3A//movie.douban.com/subject/24397586/",8.4,49899,2015," 英国 / 法国 / 喜剧 / 动画 / 冒险"
"蓝白红三部曲之白 (豆瓣)","http://link.zhihu.com/?target=https%3A//movie.douban.com/subject/1292049/",8.4,46064,1994," 法国 / 波兰 / 瑞士 / 喜剧 / 剧情 / 悬疑 / 爱情"
"大河恋 (豆瓣)","http://link.zhihu.com/?target=https%3A//movie.douban.com/subject/1292718/",8.4,41197,1992," 美国 / 剧情 / 家庭"
"那山那人那狗 (豆瓣)","http://link.zhihu.com/?target=https%3A//movie.douban.com/subject/1307766/",8.4,39666,1999," 中国大陆 / 剧情 / 家庭"
"天鹅绒金矿 (豆瓣)","http://link.zhihu.com/?target=https%3A//movie.douban.com/subject/1294136/",8.4,39318,1998," 英国 / 美国 / 剧情 / 同性 / 音乐"
"阮玲玉 (豆瓣)","http://link.zhihu.com/?target=https%3A//movie.douban.com/subject/1293414/",8.4,39084,1991," 香港 / 传记 / 剧情 / 爱情"
"偶滴神啊 (豆瓣)","http://link.zhihu.com/?target=https%3A//movie.douban.com/subject/19945757/",8.4,36936,2012," 印度 / 剧情 / 喜剧"
"启示 (豆瓣)","http://link.zhihu.com/?target=https%3A//movie.douban.com/subject/1450031/",8.4,36695,2006," 美国 / 动作 / 冒险 / 剧情"
"凯尔经的秘密 (豆瓣)","http://link.zhihu.com/?target=https%3A//movie.douban.com/subject/3212221/",8.4,36237,2009," 爱尔兰 / 法国 / 比利时 / 剧情 / 动画 / 奇幻"
"坏孩子的天空 (豆瓣)","http://link.zhihu.com/?target=https%3A//movie.douban.com/subject/1299062/",8.4,34015,1996," 日本 / 剧情"
"尼罗河上的惨案 (豆瓣)","http://link.zhihu.com/?target=https%3A//movie.douban.com/subject/1302100/",8.4,31989,1978," 英国 / 犯罪 / 悬疑 / 惊悚"
"恋恋风尘 (豆瓣)","http://link.zhihu.com/?target=https%3A//movie.douban.com/subject/1292330/",8.4,30422,1987," 台湾 / 剧情 / 爱情"
"摩托日记 (豆瓣)","http://link.zhihu.com/?target=https%3A//movie.douban.com/subject/1309015/",8.4,30301,2004," 阿根廷 / 美国 / 智利 / 秘鲁 / 巴西 / 英国 / 德国 / 法国 / 冒险 / 传记 / 剧情"
"大空头 (豆瓣)","http://link.zhihu.com/?target=https%3A//movie.douban.com/subject/26303622/",8.3,57028,2015," 美国 / 剧情 / 传记"
"金福南杀人事件始末 (豆瓣)","http://link.zhihu.com/?target=https%3A//movie.douban.com/subject/4826419/",8.3,53187,2010," 韩国 / 剧情 / 犯罪 / 惊悚"
"百变狸猫 (豆瓣)","http://link.zhihu.com/?target=https%3A//movie.douban.com/subject/1303907/",8.3,51950,1994," 日本 / 动画 / 喜剧 / 剧情 / 奇幻"
"两生花（豆瓣）","http://link.zhihu.com/?target=https%3A//movie.douban.com/subject/1291877/",8.3,51475,1991," 法国 / 挪威 / 波兰 / 剧情 / 爱情 / 奇幻"
"星球大战 (豆瓣)","http://link.zhihu.com/?target=https%3A//movie.douban.com/subject/1293838/",8.3,51124,1977," 美国 / 动作 / 科幻 / 冒险"
"黑洞频率 (豆瓣)","http://link.zhihu.com/?target=https%3A//movie.douban.com/subject/1294183/",8.3,50475,2000," 美国 / 剧情 / 科幻 / 惊悚 / 家庭 / 犯罪"
"谜一样的双眼 (豆瓣)","http://link.zhihu.com/?target=https%3A//movie.douban.com/subject/4066125/",8.3,50077,2009," 阿根廷 / 西班牙 / 剧情 / 爱情 / 悬疑"
"推手 (豆瓣)","http://link.zhihu.com/?target=https%3A//movie.douban.com/subject/1306939/",8.3,49629,1991," 台湾 / 美国 / 剧情 / 家庭"
"姐姐的守护者 (豆瓣)","http://link.zhihu.com/?target=https%3A//movie.douban.com/subject/3011049/",8.3,47269,2009," 美国 / 剧情 / 家庭"
"玫瑰人生 (豆瓣)","http://link.zhihu.com/?target=https%3A//movie.douban.com/subject/1898223/",8.3,47222,2007," 法国 / 英国 / 捷克 / 传记 / 剧情 / 音乐"
"太极旗飘扬 (豆瓣)","http://link.zhihu.com/?target=https%3A//movie.douban.com/subject/1304972/",8.3,46741,2004," 韩国 / 动作 / 剧情 / 战争"
"好家伙 (豆瓣)","http://link.zhihu.com/?target=https%3A//movie.douban.com/subject/1292268/",8.3,46574,1990," 美国 / 剧情 / 喜剧 / 传记 / 犯罪"
"最佳出价 (豆瓣)","http://link.zhihu.com/?target=https%3A//movie.douban.com/subject/7059671/",8.3,46523,2013," 意大利 / 剧情 / 爱情 / 悬疑"
"三毛从军记 (豆瓣)","http://link.zhihu.com/?target=https%3A//movie.douban.com/subject/2132220/",8.3,45341,1992," 中国大陆 / 剧情 / 喜剧 / 战争"
"现代启示录 (豆瓣)","http://link.zhihu.com/?target=https%3A//movie.douban.com/subject/1292260/",8.3,43618,1979," 美国 / 剧情 / 战争"
"超时空接触 (豆瓣)","http://link.zhihu.com/?target=https%3A//movie.douban.com/subject/1295647/",8.3,43099,1997," 美国 / 剧情 / 科幻"
"异次元骇客 (豆瓣)","http://link.zhihu.com/?target=https%3A//movie.douban.com/subject/1300282/",8.3,42233,1999," 德国 / 美国 / 科幻 / 悬疑 / 惊悚"
"暗花 (豆瓣)","http://link.zhihu.com/?target=https%3A//movie.douban.com/subject/1292450/",8.3,41159,1998," 香港 / 犯罪 / 悬疑"
"米尔克 (豆瓣)","http://link.zhihu.com/?target=https%3A//movie.douban.com/subject/2336737/",8.3,40351,2008," 美国 / 剧情 / 传记 / 同性"
"秋天的童话 (豆瓣)","http://link.zhihu.com/?target=https%3A//movie.douban.com/subject/1301912/",8.3,39893,1987," 香港 / 剧情 / 爱情"
"如父如子 (豆瓣)","http://link.zhihu.com/?target=https%3A//movie.douban.com/subject/10571509/",8.3,39842,2013," 日本 / 剧情 / 家庭"
"永不妥协 (豆瓣)","http://link.zhihu.com/?target=https%3A//movie.douban.com/subject/1293050/",8.3,39380,2000," 美国 / 传记 / 剧情 / 爱情"
"母亲 (豆瓣)","http://link.zhihu.com/?target=https%3A//movie.douban.com/subject/3036460/",8.3,38649,2009," 韩国 / 剧情"
"新不了情 (豆瓣)","http://link.zhihu.com/?target=https%3A//movie.douban.com/subject/1292950/",8.3,36932,1993," 香港 / 剧情 / 爱情"
"麦兜我和我妈妈 (豆瓣)","http://link.zhihu.com/?target=https%3A//movie.douban.com/subject/25884416/",8.3,36183,2014," 香港 / 中国大陆 / 喜剧 / 动画 / 家庭"
"海鸥食堂 (豆瓣)","http://link.zhihu.com/?target=https%3A//movie.douban.com/subject/1892578/",8.3,34921,2006," 日本 / 喜剧 / 剧情"
"平常的心 (豆瓣)","http://link.zhihu.com/?target=https%3A//movie.douban.com/subject/6776051/",8.3,32974,2014," 美国 / 剧情 / 传记 / 同性"
"我杀了我妈妈 (豆瓣)","http://link.zhihu.com/?target=https%3A//movie.douban.com/subject/3707070/",8.3,32327,2009," 加拿大 / 剧情 / 传记 / 家庭"
"妈妈再爱我一次 (豆瓣)","http://link.zhihu.com/?target=https%3A//movie.douban.com/subject/1432972/",8.3,31921,1988," 台湾 / 剧情 / 家庭"
"顽主 (豆瓣)","http://link.zhihu.com/?target=https%3A//movie.douban.com/subject/1307690/",8.3,31365,1989," 中国大陆 / 剧情 / 喜剧"
"思悼 (豆瓣)","http://link.zhihu.com/?target=https%3A//movie.douban.com/subject/25859495/",8.3,31257,2015," 韩国 / 剧情 / 传记 / 历史"
"喋血双雄 (豆瓣)","http://link.zhihu.com/?target=https%3A//movie.douban.com/subject/1296519/",8.3,30807,1989," 香港 / 动作 / 犯罪 / 剧情 / 惊悚"
